order_id,customer_id,product_id,quantity,order_date,status
0,66899,235,5,2025-11-22,Pending
1,44604,55,2,2026-01-26,Shipped
2,7451,208,3,2026-01-05,Cancelled
3,46026,60,2,2025-11-27,Cancelled
4,71466,115,4,2026-03-28,Shipped
5,48421,254,1,2025-07-13,Pending
6,3494,78,1,2026-02-10,Cancelled
7,98911,314,1,2025-11-20,Shipped
8,89979,146,4,2025-07-02,Shipped
9,25997,488,1,2025-05-10,Cancelled
10,29091,92,1,2026-01-26,Cancelled
11,59087,126,1,2025-10-04,Shipped
12,77213,396,1,2025-06-10,Cancelled
13,52548,101,2,2025-12-17,Cancelled
14,8259,312,4,2026-02-06,Cancelled
15,43398,135,2,2025-08-21,Cancelled
16,59941,334,5,2026-01-09,Cancelled
17,34074,351,3,2025-06-18,Pending
18,93208,278,4,2025-07-11,Shipped
19,25983,363,4,2025-11-18,Pending
20,27191,283,5,2026-01-07,Shipped
21,84364,179,3,2025-05-06,Pending
22,59872,334,4,2025-04-08,Shipped
23,74827,382,5,2025-11-14,Shipped
24,45533,250,5,2025-10-03,Shipped
25,74534,333,3,2026-02-07,Shipped
26,59892,432,3,2026-03-21,Cancelled
27,14349,148,3,2025-12-06,Cancelled
28,92543,53,5,2025-07-28,Shipped
29,7766,230,1,2025-10-31,Pending
30,18070,230,3,2025-06-04,Cancelled
31,53324,46,4,2025-08-31,Pending
32,41458,75,2,2025-05-29,Cancelled
33,12987,277,3,2026-03-17,Pending
34,79436,204,3,2025-08-26,Pending
35,10464,365,2,2026-03-29,Shipped
36,42367,150,2,2025-10-11,Cancelled
37,33212,360,5,2025-06-18,Pending
38,90792,49,1,2025-11-21,Cancelled
39,12421,209,1,2025-10-19,Shipped
40,88611,10,5,2025-04-08,Pending
41,2141,194,4,2025-09-10,Pending
42,83638,113,5,2026-03-14,Cancelled
43,10672,226,5,2025-07-06,Cancelled
44,2936,408,3,2025-07-21,Cancelled
45,60124,176,2,2025-10-17,Shipped
46,54005,454,5,2025-07-13,Shipped
47,62250,46,4,2026-01-11,Cancelled
48,98324,180,2,2026-01-30,Shipped
49,52769,238,4,2026-01-18,Cancelled
50,8849,180,1,2025-08-20,Cancelled
51,31874,15,5,2026-01-18,Cancelled
52,17365,205,5,2026-03-24,Cancelled
53,25468,13,5,2025-12-28,Pending
54,83111,258,1,2026-02-17,Pending
55,70759,26,1,2026-01-24,Shipped
56,72807,136,3,2025-11-06,Pending
57,32480,73,3,2025-04-14,Pending
58,51328,305,1,2025-09-01,Shipped
59,11591,178,4,2025-07-14,Cancelled
60,70831,108,5,2026-03-26,Pending
61,42523,268,3,2025-11-26,Cancelled
62,21803,216,4,2025-11-27,Pending
63,47281,315,4,2025-11-14,Cancelled
64,62940,346,3,2025-07-14,Shipped
65,83396,442,5,2025-07-04,Pending
66,20542,281,2,2025-06-15,Cancelled
67,84549,111,5,2025-05-14,Pending
68,21876,18,3,2025-11-24,Cancelled
69,68130,409,2,2025-12-08,Cancelled
70,81003,17,2,2025-09-29,Pending
71,16989,341,1,2026-03-20,Pending
72,52659,183,4,2025-11-06,Shipped
73,10232,489,5,2025-09-20,Shipped
74,84933,436,3,2025-05-19,Pending
75,28168,363,1,2025-05-28,Shipped
76,43304,283,5,2026-02-07,Pending
77,48514,201,1,2025-11-05,Shipped
78,71258,112,1,2025-11-09,Pending
79,49833,440,2,2025-04-19,Pending
80,53862,242,3,2026-02-20,Shipped
81,14259,137,4,2026-02-18,Cancelled
82,41466,449,3,2025-12-26,Shipped
83,13074,205,2,2025-11-05,Pending
84,90216,282,2,2025-09-16,Cancelled
85,95243,2,2,2025-07-05,Shipped
86,78930,50,4,2026-01-31,Pending
87,62366,400,4,2026-01-22,Shipped
88,38493,275,2,2025-09-08,Pending
89,89618,59,5,2025-06-23,Pending
90,11008,356,2,2025-06-17,Pending
91,16974,352,1,2025-10-25,Cancelled
92,54126,34,4,2026-01-26,Pending
93,8933,270,1,2026-01-02,Cancelled
94,99740,369,4,2025-04-19,Shipped
95,88185,95,5,2025-08-04,Pending
96,9465,32,4,2025-10-03,Pending
97,44529,454,1,2025-04-12,Cancelled
98,30295,363,4,2025-08-14,Shipped
99,81226,406,1,2025-09-04,Shipped
100,21435,332,1,2025-10-23,Shipped
101,5675,467,3,2025-08-02,Shipped
102,65799,448,4,2025-12-25,Shipped
103,75631,96,1,2025-09-03,Shipped
104,59226,94,3,2025-06-07,Pending
105,94728,112,1,2025-10-31,Cancelled
106,6856,332,5,2025-05-05,Shipped
107,94987,419,4,2026-03-07,Cancelled
108,88529,488,4,2025-04-05,Cancelled
109,75898,29,4,2025-12-17,Shipped
110,2094,299,4,2026-01-17,Shipped
111,89734,213,2,2025-07-01,Pending
112,24055,327,5,2025-06-04,Shipped
113,51912,96,1,2025-04-27,Pending
114,31871,275,3,2025-07-03,Pending
115,39213,147,5,2026-03-15,Shipped
116,53316,127,5,2025-08-15,Cancelled
117,38641,41,3,2025-06-20,Shipped
118,2718,257,4,2026-03-16,Pending
119,19013,312,4,2025-05-03,Cancelled
120,10430,129,4,2026-01-08,Cancelled
121,18632,286,2,2026-01-20,Pending
122,21304,100,5,2025-09-30,Pending
123,15345,143,5,2025-11-16,Shipped
124,98503,45,1,2025-07-13,Shipped
125,9152,440,1,2025-08-02,Pending
126,62919,328,4,2026-02-13,Shipped
127,45865,292,1,2025-10-31,Pending
128,73390,84,4,2025-12-06,Pending
129,71219,429,3,2026-01-11,Pending
130,78160,320,4,2025-11-25,Pending
131,894,426,2,2025-04-11,Shipped
132,89537,420,2,2025-09-15,Shipped
133,17110,401,3,2025-12-16,Shipped
134,73997,91,1,2026-03-27,Cancelled
135,82566,94,3,2025-10-14,Pending
136,8096,364,4,2025-10-20,Shipped
137,30583,413,2,2025-08-29,Shipped
138,88309,298,4,2025-08-13,Cancelled
139,34139,172,3,2025-09-23,Cancelled
140,26398,371,4,2026-03-09,Cancelled
141,84892,55,5,2025-06-24,Pending
142,25603,374,1,2025-12-25,Cancelled
143,64475,233,3,2026-01-26,Pending
144,55671,365,5,2025-08-20,Shipped
145,34860,150,2,2026-02-17,Pending
146,66718,136,3,2025-07-31,Pending
147,53272,348,3,2026-03-27,Pending
148,22642,396,2,2026-03-10,Pending
149,40028,224,4,2025-04-04,Cancelled
150,77704,296,5,2025-12-20,Shipped
151,99167,166,5,2025-11-29,Cancelled
152,19880,311,5,2026-03-25,Pending
153,51434,225,2,2025-12-15,Pending
154,8590,8,4,2025-12-18,Shipped
155,38913,232,3,2025-07-08,Pending
156,51922,409,1,2026-01-17,Cancelled
157,49260,438,4,2025-05-29,Shipped
158,59744,296,4,2026-03-12,Shipped
159,81418,384,2,2026-03-05,Shipped
160,11061,178,5,2025-07-08,Cancelled
161,26392,408,3,2025-09-08,Shipped
162,16868,2,4,2025-07-30,Pending
163,22784,334,4,2025-07-05,Shipped
164,27135,298,5,2025-07-15,Pending
165,18345,430,1,2026-01-20,Pending
166,1676,85,2,2025-12-29,Cancelled
167,44178,300,1,2025-09-02,Cancelled
168,45570,183,1,2025-05-05,Shipped
169,79173,35,3,2025-06-30,Shipped
170,41209,114,4,2025-07-26,Pending
171,67094,172,5,2025-10-23,Shipped
172,87162,168,2,2025-06-14,Shipped
173,86581,200,5,2025-11-18,Cancelled
174,94255,372,3,2026-02-24,Shipped
175,81963,172,4,2025-05-11,Shipped
176,73397,118,2,2026-03-17,Cancelled
177,85866,251,5,2025-10-22,Pending
178,61426,494,2,2025-11-28,Shipped
179,70463,122,3,2025-07-08,Cancelled
180,87086,36,4,2025-04-24,Cancelled
181,56704,104,5,2025-10-26,Shipped
182,86081,303,5,2025-12-04,Pending
183,91786,198,3,2025-09-10,Pending
184,93900,295,1,2025-10-15,Cancelled
185,46719,237,4,2025-04-01,Cancelled
186,52613,201,3,2025-06-13,Shipped
187,4621,327,3,2025-06-02,Pending
188,18689,320,2,2025-10-21,Shipped
189,49936,334,1,2026-03-30,Shipped
190,38163,496,4,2025-08-07,Pending
191,6606,417,3,2025-11-18,Shipped
192,44267,102,4,2025-04-06,Cancelled
193,52398,39,1,2026-03-27,Shipped
194,71917,480,3,2025-04-04,Cancelled
195,18820,136,3,2025-12-26,Shipped
196,95947,372,3,2025-10-13,Shipped
197,16659,445,1,2025-10-12,Pending
198,87477,160,2,2025-06-21,Shipped
199,65678,484,5,2025-08-14,Cancelled
200,80536,173,1,2025-10-28,Cancelled
201,51651,425,2,2026-02-23,Pending
202,91789,209,1,2025-05-08,Cancelled
203,53572,228,2,2026-01-08,Pending
204,16406,254,3,2025-11-05,Pending
205,21909,253,4,2025-09-04,Pending
206,28626,242,5,2025-05-28,Shipped
207,72364,408,4,2026-02-15,Pending
208,85835,28,3,2026-01-23,Cancelled
209,58053,127,1,2026-02-10,Cancelled
210,4445,261,3,2025-08-04,Pending
211,55287,498,4,2026-02-08,Shipped
212,3341,412,5,2025-05-16,Cancelled
213,92528,294,2,2026-02-04,Pending
214,47957,452,4,2025-04-10,Pending
215,26839,350,1,2025-08-08,Pending
216,71005,310,2,2025-08-21,Cancelled
217,34973,319,1,2025-07-27,Shipped
218,32141,224,5,2025-12-25,Cancelled
219,78370,113,2,2025-04-12,Pending
220,17989,11,4,2025-07-16,Pending
221,16211,260,2,2026-03-15,Pending
222,73952,322,4,2025-08-02,Cancelled
223,5052,86,5,2026-01-25,Shipped
224,80016,400,1,2026-03-21,Shipped
225,78632,203,5,2025-05-30,Cancelled
226,62543,303,2,2025-04-19,Shipped
227,81064,158,3,2025-09-27,Cancelled
228,55066,343,2,2025-12-13,Shipped
229,39492,72,3,2025-04-16,Cancelled
230,4263,385,4,2025-09-14,Pending
231,68413,427,4,2026-02-22,Shipped
232,9233,446,2,2025-08-29,Cancelled
233,44568,415,3,2025-08-12,Pending
234,73012,24,4,2025-07-24,Cancelled
235,22828,120,5,2025-10-22,Shipped
236,34615,233,3,2025-11-14,Pending
237,52824,247,2,2025-04-20,Cancelled
238,25377,80,2,2025-09-21,Pending
239,9816,173,3,2025-07-07,Cancelled
240,54814,93,4,2025-07-07,Shipped
241,86492,142,3,2025-12-29,Pending
242,6079,448,5,2025-11-09,Cancelled
243,48806,415,3,2025-11-08,Cancelled
244,51615,270,5,2025-05-31,Shipped
245,64040,315,4,2025-08-19,Pending
246,15525,82,4,2025-04-27,Shipped
247,7807,235,2,2025-06-09,Cancelled
248,9419,306,3,2025-11-20,Pending
249,2413,464,3,2025-06-21,Shipped
250,48551,58,1,2025-12-26,Pending
251,98702,72,2,2025-08-31,Pending
252,97868,493,3,2025-11-29,Shipped
253,57500,461,1,2025-12-06,Shipped
254,5600,277,5,2026-01-30,Pending
255,68497,294,3,2025-04-10,Pending
256,41674,218,2,2025-10-21,Shipped
257,43661,120,4,2026-02-05,Shipped
258,22650,405,1,2025-04-25,Shipped
259,30540,440,4,2025-10-03,Shipped
260,66037,318,2,2026-01-12,Cancelled
261,94785,37,4,2025-11-15,Cancelled
262,56684,415,3,2025-09-24,Shipped
263,88046,85,4,2026-01-28,Shipped
264,21505,487,3,2025-11-25,Cancelled
265,56826,59,4,2025-04-25,Cancelled
266,4507,496,4,2025-12-18,Pending
267,61031,337,3,2026-03-05,Cancelled
268,82850,214,1,2025-08-13,Cancelled
269,97980,414,4,2025-05-29,Cancelled
270,92747,185,2,2025-06-07,Cancelled
271,94971,61,2,2025-12-13,Pending
272,2556,105,1,2025-11-03,Shipped
273,4106,493,1,2025-08-23,Pending
274,52139,397,2,2025-09-23,Cancelled
275,17486,435,2,2026-02-03,Pending
276,33442,374,2,2025-08-20,Shipped
277,6098,134,5,2025-09-20,Pending
278,47506,26,1,2026-02-15,Cancelled
279,44873,394,4,2025-09-03,Cancelled
280,53657,59,5,2025-05-24,Cancelled
281,53802,315,1,2025-07-16,Shipped
282,89797,105,4,2025-09-23,Cancelled
283,5853,134,4,2025-07-29,Shipped
284,59978,43,2,2026-01-22,Pending
285,17407,383,4,2025-09-12,Shipped
286,22986,476,5,2025-06-17,Shipped
287,33141,77,2,2025-04-24,Shipped
288,94591,107,5,2025-08-16,Cancelled
289,90359,144,2,2025-10-19,Cancelled
290,98530,290,3,2025-08-15,Shipped
291,93327,188,5,2025-07-28,Cancelled
292,94806,383,2,2025-11-01,Cancelled
293,56497,306,3,2025-06-14,Pending
294,27494,269,5,2026-02-17,Pending
295,89342,102,3,2025-10-19,Shipped
296,19773,324,1,2025-07-15,Shipped
297,77116,204,1,2026-01-11,Pending
298,96443,57,3,2026-02-10,Pending
299,67048,48,1,2026-03-13,Cancelled
300,68218,487,5,2025-08-19,Shipped
301,26192,374,4,2025-12-29,Shipped
302,13345,342,3,2025-10-05,Cancelled
303,10642,443,3,2025-11-08,Cancelled
304,24644,100,5,2026-02-23,Pending
305,66319,7,1,2025-05-26,Cancelled
306,57918,166,1,2026-02-08,Cancelled
307,24744,279,4,2025-10-07,Shipped
308,25113,174,5,2026-02-17,Cancelled
309,54738,412,1,2026-03-17,Cancelled
310,99174,258,1,2025-08-20,Shipped
311,3555,354,3,2025-06-26,Cancelled
312,5946,351,1,2026-01-02,Shipped
313,44590,174,1,2025-05-28,Shipped
314,95905,446,3,2025-08-20,Cancelled
315,10090,158,5,2026-03-03,Shipped
316,72590,65,3,2025-11-10,Cancelled
317,1861,78,3,2025-08-01,Shipped
318,45255,220,2,2025-08-17,Pending
319,4486,120,2,2025-04-01,Shipped
320,88129,322,2,2025-10-05,Cancelled
321,20665,356,4,2025-08-30,Shipped
322,46390,53,2,2025-06-01,Cancelled
323,89531,144,5,2025-09-19,Shipped
324,8908,270,1,2025-10-03,Pending
325,66010,58,1,2025-10-28,Pending
326,15733,313,3,2026-03-04,Shipped
327,6962,265,5,2025-10-28,Pending
328,31049,477,4,2025-08-15,Pending
329,15472,210,3,2025-06-14,Shipped
330,84988,304,2,2025-09-04,Shipped
331,49440,363,2,2025-04-19,Cancelled
332,82628,354,1,2025-08-04,Cancelled
333,1888,362,2,2026-01-17,Shipped
334,6772,56,4,2026-03-11,Pending
335,20400,378,3,2025-11-05,Shipped
336,95103,481,4,2025-12-11,Pending
337,74435,251,4,2025-08-25,Pending
338,57695,200,2,2026-01-26,Cancelled
339,57379,339,3,2025-10-31,Shipped
340,19047,51,1,2025-12-26,Pending
341,64486,184,5,2025-12-14,Pending
342,23,314,1,2025-09-03,Shipped
343,87057,141,4,2025-06-09,Cancelled
344,48715,41,3,2026-01-12,Cancelled
345,24095,29,1,2026-01-08,Shipped
346,41018,224,3,2026-01-15,Shipped
347,30402,164,3,2025-08-27,Pending
348,11979,447,3,2025-05-14,Pending
349,7651,213,2,2025-12-11,Shipped
350,42745,220,5,2025-05-23,Pending
351,70432,96,5,2025-05-14,Pending
352,82296,134,4,2025-08-07,Cancelled
353,26885,317,5,2026-03-01,Cancelled
354,25607,142,2,2025-09-09,Shipped
355,54513,402,2,2025-05-25,Pending
356,45867,385,3,2025-11-10,Pending
357,21108,378,2,2025-04-27,Pending
358,83379,195,3,2025-08-10,Pending
359,9404,41,3,2026-02-28,Cancelled
360,41766,74,3,2026-02-07,Shipped
361,60061,362,2,2025-11-21,Shipped
362,49018,133,3,2025-09-15,Pending
363,46104,100,1,2025-09-23,Pending
364,70487,149,4,2026-01-02,Shipped
365,41048,11,4,2025-05-20,Shipped
366,81359,244,1,2025-06-28,Shipped
367,98748,485,1,2025-11-13,Pending
368,53670,481,5,2025-12-16,Cancelled
369,49461,449,1,2025-11-29,Cancelled
370,85406,496,2,2025-11-21,Cancelled
371,73676,177,3,2025-07-28,Shipped
372,57320,69,1,2025-04-27,Shipped
373,42474,359,2,2025-05-29,Shipped
374,17117,221,1,2025-11-04,Shipped
375,86655,463,1,2026-02-01,Pending
376,35909,470,4,2025-11-22,Pending
377,22107,70,1,2025-05-23,Pending
378,14894,134,2,2025-10-11,Shipped
379,42350,128,3,2025-10-11,Shipped
380,64816,24,5,2025-06-13,Shipped
381,4584,490,4,2025-06-01,Pending
382,71452,465,2,2025-07-04,Cancelled
383,51671,239,3,2026-02-07,Pending
384,31802,65,3,2025-06-07,Cancelled
385,40582,99,5,2025-04-24,Cancelled
386,36334,392,1,2025-08-29,Shipped
387,18023,85,4,2026-03-28,Pending
388,13754,319,4,2026-01-22,Pending
389,16940,125,3,2025-11-15,Cancelled
390,44307,372,5,2025-10-12,Cancelled
391,74034,426,1,2025-07-07,Shipped
392,74264,221,3,2025-10-09,Cancelled
393,13081,200,2,2025-06-22,Pending
394,93185,139,2,2026-03-29,Shipped
395,45269,420,4,2025-07-31,Pending
396,8788,382,4,2025-06-03,Pending
397,52851,355,1,2025-05-08,Cancelled
398,26887,462,3,2025-05-11,Cancelled
399,78980,250,2,2025-12-11,Cancelled
400,7298,410,1,2026-03-29,Cancelled
401,32601,328,4,2025-09-13,Shipped
402,30654,219,1,2025-07-13,Cancelled
403,86847,342,1,2025-08-26,Shipped
404,75485,289,2,2026-02-20,Pending
405,18556,48,5,2025-07-23,Pending
406,36896,284,1,2025-06-18,Shipped
407,27916,188,1,2025-05-14,Shipped
408,12921,376,3,2025-07-24,Pending
409,85934,97,3,2025-12-20,Shipped
410,53173,489,4,2025-09-08,Cancelled
411,47561,229,4,2025-04-15,Cancelled
412,93734,42,1,2025-10-30,Cancelled
413,54776,486,3,2026-03-16,Cancelled
414,5841,6,5,2025-09-26,Cancelled
415,97547,221,2,2025-10-07,Cancelled
416,7523,139,2,2025-07-24,Cancelled
417,36545,26,4,2025-07-29,Pending
418,71973,317,1,2025-10-16,Cancelled
419,76925,287,4,2025-06-01,Cancelled
420,94552,96,4,2026-03-12,Cancelled
421,28909,90,2,2026-01-02,Shipped
422,84142,474,5,2025-04-24,Shipped
423,91698,33,1,2026-01-28,Shipped
424,52852,298,2,2026-03-27,Shipped
425,18989,471,2,2025-10-04,Shipped
426,35104,90,4,2025-11-19,Pending
427,82193,21,4,2025-08-27,Cancelled
428,55630,57,2,2025-09-20,Shipped
429,14424,275,4,2026-02-25,Cancelled
430,88468,89,1,2026-02-04,Cancelled
431,51289,17,5,2025-10-12,Pending
432,31720,125,2,2025-07-12,Shipped
433,31562,335,2,2025-09-16,Shipped
434,47896,224,2,2025-10-31,Shipped
435,11124,350,1,2025-09-24,Pending
436,10505,152,5,2026-02-19,Pending
437,32992,351,2,2026-03-16,Cancelled
438,82589,6,1,2025-12-18,Shipped
439,8720,159,5,2026-01-04,Cancelled
440,11715,350,5,2025-06-30,Pending
441,34967,393,1,2025-06-28,Pending
442,10036,223,1,2025-07-19,Pending
443,31399,135,1,2025-09-30,Shipped
444,41953,377,4,2025-08-11,Pending
445,19023,320,2,2025-09-20,Shipped
446,17235,149,4,2025-07-10,Cancelled
447,5824,381,3,2026-02-13,Pending
448,15833,242,4,2025-05-17,Cancelled
449,69361,186,4,2025-05-13,Pending
450,45612,39,5,2025-08-25,Cancelled
451,6200,295,4,2026-03-22,Cancelled
452,43364,11,5,2026-03-11,Pending
453,56386,331,1,2026-03-14,Pending
454,69497,332,5,2025-12-15,Shipped
455,91629,121,1,2025-05-03,Cancelled
456,99699,363,1,2025-04-07,Pending
457,84869,93,3,2025-12-05,Cancelled
458,13037,292,1,2025-11-06,Shipped
459,51316,196,2,2026-02-14,Pending
460,23980,48,5,2025-06-25,Shipped
461,45475,260,2,2025-09-23,Shipped
462,75558,452,2,2025-11-30,Cancelled
463,64679,85,1,2025-05-04,Shipped
464,44619,418,3,2025-06-10,Shipped
465,54132,169,5,2026-02-04,Pending
466,44032,222,4,2026-03-07,Pending
467,28188,73,4,2025-11-29,Cancelled
468,26378,308,4,2025-09-14,Pending
469,21107,47,3,2026-03-04,Cancelled
470,27483,295,2,2025-04-17,Pending
471,5458,221,4,2025-12-09,Pending
472,36640,292,2,2025-09-14,Cancelled
473,78667,493,2,2025-12-12,Cancelled
474,97505,196,1,2026-01-19,Cancelled
475,61886,356,2,2025-05-26,Pending
476,18930,427,1,2026-03-09,Pending
477,84236,297,3,2025-12-10,Pending
478,48247,104,3,2025-08-24,Cancelled
479,1140,149,5,2025-12-05,Cancelled
480,50126,123,3,2026-01-18,Cancelled
481,36452,383,1,2025-05-24,Cancelled
482,53086,490,1,2025-11-17,Cancelled
483,41785,117,3,2025-10-17,Pending
484,26554,19,2,2026-01-24,Cancelled
485,10138,429,3,2025-07-30,Shipped
486,70835,489,1,2025-04-20,Shipped
487,92663,303,3,2025-10-28,Cancelled
488,5967,247,2,2025-08-23,Shipped
489,82640,118,3,2025-04-20,Cancelled
490,11835,193,4,2026-02-28,Shipped
491,54507,181,3,2026-01-13,Pending
492,98860,214,1,2025-08-23,Cancelled
493,35152,26,1,2026-02-22,Cancelled
494,65131,472,5,2025-10-10,Shipped
495,98149,427,2,2025-11-13,Pending
496,24259,442,2,2025-05-18,Pending
497,48981,449,4,2025-10-19,Shipped
498,62170,296,5,2025-05-13,Pending
499,80597,447,4,2026-02-11,Shipped
500,15906,429,1,2026-01-16,Shipped
501,73595,28,1,2025-10-30,Pending
502,38942,449,1,2025-07-29,Pending
503,56520,407,2,2026-01-15,Shipped
504,70568,90,1,2025-05-09,Shipped
505,91081,373,1,2026-01-05,Pending
506,80279,304,4,2025-12-18,Shipped
507,47600,248,4,2025-04-22,Shipped
508,41805,279,1,2025-10-20,Shipped
509,13289,152,1,2025-09-18,Shipped
510,61231,41,3,2025-04-15,Pending
511,69332,69,4,2025-05-18,Pending
512,27508,260,1,2025-10-09,Cancelled
513,60317,138,1,2025-04-16,Cancelled
514,25049,398,3,2025-06-18,Pending
515,21534,150,3,2025-05-03,Pending
516,57175,209,1,2025-08-29,Cancelled
517,99854,113,2,2025-07-07,Pending
518,32444,373,3,2025-08-22,Shipped
519,83239,463,3,2025-10-19,Pending
520,75144,116,4,2025-12-12,Cancelled
521,60163,129,2,2025-05-11,Cancelled
522,41995,470,1,2025-08-25,Shipped
523,69301,476,1,2025-08-04,Cancelled
524,43373,11,3,2025-06-14,Pending
525,30300,322,5,2025-10-26,Shipped
526,6271,391,4,2026-03-16,Pending
527,87553,387,1,2025-10-22,Cancelled
528,1276,119,5,2025-08-22,Shipped
529,37346,75,1,2025-05-29,Shipped
530,85644,383,1,2026-03-19,Pending
531,53999,144,1,2025-10-15,Cancelled
532,56097,139,2,2026-02-06,Cancelled
533,38052,280,4,2026-02-27,Shipped
534,27501,281,4,2025-09-09,Shipped
535,75940,438,4,2026-02-05,Shipped
536,82969,82,1,2025-05-09,Pending
537,13380,493,5,2026-02-10,Cancelled
538,84127,406,2,2026-02-16,Pending
539,4583,425,3,2025-08-13,Shipped
540,21112,439,2,2025-11-20,Pending
541,74943,451,2,2025-12-26,Cancelled
542,88891,272,2,2025-08-16,Pending
543,89445,205,5,2025-04-20,Pending
544,85419,198,1,2025-10-01,Shipped
545,43928,201,5,2025-07-31,Pending
546,45769,397,1,2025-06-25,Shipped
547,81037,258,1,2025-09-08,Pending
548,15986,284,3,2025-10-05,Cancelled
549,1161,136,1,2025-09-14,Pending
550,7575,379,1,2025-12-18,Pending
551,39998,444,4,2026-03-17,Cancelled
552,76343,335,3,2025-04-20,Shipped
553,64610,334,2,2025-04-29,Cancelled
554,95476,212,1,2025-07-18,Shipped
555,12416,116,2,2025-10-27,Pending
556,90377,418,3,2025-06-24,Shipped
557,26875,97,4,2025-05-30,Shipped
558,40503,361,1,2025-07-14,Cancelled
559,40831,135,2,2025-09-11,Pending
560,91119,435,2,2026-02-02,Cancelled
561,73947,418,5,2025-12-20,Cancelled
562,90487,67,4,2025-11-22,Pending
563,56284,244,3,2025-04-04,Cancelled
564,5619,111,2,2025-12-08,Shipped
565,26599,258,5,2025-04-08,Shipped
566,22053,454,2,2025-06-28,Cancelled
567,88045,333,2,2025-12-11,Pending
568,69608,202,3,2025-04-19,Cancelled
569,98387,207,5,2025-05-29,Pending
570,76943,245,4,2025-10-22,Pending
571,37008,2,1,2025-12-24,Cancelled
572,6907,53,4,2025-07-06,Cancelled
573,61122,153,3,2025-10-31,Cancelled
574,87134,437,3,2025-04-19,Cancelled
575,89981,246,3,2026-02-25,Pending
576,35974,385,3,2025-08-14,Shipped
577,96543,202,5,2025-04-11,Cancelled
578,45314,288,5,2025-03-31,Cancelled
579,98370,14,5,2025-11-13,Pending
580,24557,319,5,2025-05-03,Cancelled
581,65609,6,3,2026-03-18,Shipped
582,93753,120,3,2025-06-30,Shipped
583,58391,307,5,2026-03-29,Pending
584,96085,74,3,2026-03-26,Pending
585,99952,0,4,2025-06-15,Shipped
586,12282,383,4,2025-06-23,Shipped
587,56899,312,1,2026-01-22,Cancelled
588,24570,467,1,2026-02-20,Cancelled
589,27239,81,1,2025-08-11,Cancelled
590,57727,61,4,2025-11-07,Cancelled
591,79619,309,5,2025-05-28,Pending
592,80829,321,5,2025-12-20,Shipped
593,68639,18,3,2025-10-30,Shipped
594,44082,107,3,2025-09-09,Pending
595,73831,299,1,2025-12-19,Pending
596,88903,124,5,2025-07-26,Pending
597,75831,244,2,2025-08-28,Cancelled
598,43204,494,5,2026-01-12,Shipped
599,91342,158,4,2025-07-10,Cancelled
600,54608,175,4,2025-04-30,Cancelled
601,6766,287,3,2026-03-10,Cancelled
602,50440,286,3,2026-03-09,Cancelled
603,84819,150,5,2025-12-12,Pending
604,83885,217,3,2026-01-14,Shipped
605,83203,329,5,2025-04-21,Cancelled
606,16156,384,4,2026-03-24,Cancelled
607,79134,216,4,2025-10-18,Pending
608,85000,92,4,2025-11-15,Shipped
609,87592,276,5,2026-02-21,Shipped
610,6377,46,2,2025-10-09,Cancelled
611,61905,31,3,2025-08-07,Pending
612,99926,74,2,2025-11-04,Shipped
613,21965,420,5,2025-09-14,Pending
614,69070,479,5,2025-09-20,Cancelled
615,21415,157,2,2025-06-08,Pending
616,59160,400,1,2025-08-23,Shipped
617,13393,210,3,2025-04-10,Shipped
618,92600,357,4,2026-03-28,Cancelled
619,2495,410,4,2025-12-31,Shipped
620,32742,135,3,2026-02-01,Shipped
621,76619,174,2,2025-10-11,Shipped
622,15421,332,3,2025-07-23,Shipped
623,54621,163,5,2025-05-28,Shipped
624,94829,90,1,2025-09-03,Cancelled
625,610,199,4,2025-09-14,Pending
626,21453,75,2,2025-12-13,Cancelled
627,6113,147,5,2025-09-08,Pending
628,68652,243,1,2026-03-27,Shipped
629,25678,171,3,2025-11-09,Cancelled
630,95293,346,3,2026-02-09,Shipped
631,2382,151,4,2025-08-05,Cancelled
632,971,194,4,2026-03-21,Cancelled
633,38161,394,1,2026-03-20,Pending
634,84144,92,1,2025-05-13,Pending
635,68407,450,4,2025-10-27,Pending
636,8954,355,4,2025-12-16,Cancelled
637,92898,487,3,2025-06-15,Pending
638,75060,229,2,2025-04-18,Pending
639,37705,148,2,2025-04-12,Cancelled
640,43633,497,3,2025-08-26,Pending
641,82634,98,4,2025-07-05,Cancelled
642,26720,411,3,2025-05-05,Shipped
643,21262,72,5,2026-02-28,Pending
644,60098,3,4,2025-06-07,Cancelled
645,55413,154,1,2025-06-16,Cancelled
646,54057,139,3,2025-12-17,Shipped
647,15072,88,1,2026-03-05,Cancelled
648,18120,50,3,2026-02-22,Cancelled
649,89898,342,5,2026-03-23,Shipped
650,60798,238,3,2025-11-11,Cancelled
651,61930,334,2,2025-12-03,Pending
652,60202,82,2,2025-11-07,Cancelled
653,38450,157,5,2025-11-09,Pending
654,4831,448,1,2025-05-28,Pending
655,32321,426,4,2025-09-08,Cancelled
656,24697,156,1,2025-07-08,Pending
657,35767,472,1,2025-06-07,Cancelled
658,54127,196,2,2026-02-19,Pending
659,40156,412,1,2025-05-16,Cancelled
660,61287,76,1,2025-06-13,Cancelled
661,38774,259,2,2025-06-29,Shipped
662,69418,357,4,2025-03-30,Shipped
663,78028,178,4,2025-08-23,Pending
664,3248,32,2,2025-08-30,Cancelled
665,63893,449,1,2025-12-07,Pending
666,31783,60,4,2026-01-07,Pending
667,39687,270,5,2026-01-08,Pending
668,63251,210,4,2025-12-10,Pending
669,19197,139,2,2026-01-18,Cancelled
670,93775,237,4,2026-01-29,Shipped
671,20094,47,1,2026-03-14,Pending
672,78376,21,5,2025-04-07,Shipped
673,35163,454,5,2025-05-27,Shipped
674,3991,203,5,2025-04-08,Shipped
675,4339,243,1,2025-12-25,Cancelled
676,30260,230,1,2025-04-24,Cancelled
677,48005,131,5,2025-09-22,Pending
678,76891,186,2,2026-01-28,Pending
679,60310,304,5,2025-10-23,Cancelled
680,23102,142,5,2025-06-20,Pending
681,60200,471,1,2025-12-20,Pending
682,4223,86,4,2025-04-06,Cancelled
683,87459,334,3,2025-12-12,Cancelled
684,3321,281,5,2026-01-04,Cancelled
685,20845,396,1,2026-03-13,Pending
686,20810,217,3,2025-10-01,Pending
687,26750,419,5,2025-08-01,Pending
688,80212,349,4,2026-02-03,Pending
689,758,365,3,2025-09-30,Shipped
690,31454,189,5,2025-08-25,Shipped
691,69328,285,1,2026-03-14,Pending
692,4132,166,2,2025-07-06,Pending
693,90009,96,4,2025-12-27,Shipped
694,75924,195,2,2025-12-05,Shipped
695,75768,364,4,2026-02-16,Cancelled
696,75945,472,3,2026-01-11,Cancelled
697,52173,209,4,2025-06-24,Pending
698,80641,307,5,2025-11-05,Cancelled
699,25795,87,1,2025-11-20,Cancelled
700,66530,497,4,2025-06-03,Pending
701,18324,148,1,2026-03-15,Cancelled
702,68741,176,1,2025-11-08,Shipped
703,34469,437,3,2025-04-13,Pending
704,8209,443,3,2025-05-05,Cancelled
705,55652,394,2,2025-07-06,Shipped
706,21071,398,1,2025-04-19,Pending
707,1122,340,5,2026-01-30,Cancelled
708,78729,207,2,2025-08-27,Shipped
709,63169,116,3,2025-07-27,Cancelled
710,25341,365,1,2025-08-10,Shipped
711,84966,362,3,2025-06-26,Cancelled
712,62311,358,4,2026-02-04,Pending
713,54375,422,4,2025-06-28,Cancelled
714,2514,416,5,2025-12-20,Pending
715,69587,336,5,2025-05-03,Shipped
716,90145,14,4,2026-03-09,Pending
717,92461,425,2,2026-01-08,Pending
718,51773,326,4,2026-02-08,Cancelled
719,29750,42,4,2025-10-05,Cancelled
720,43334,219,5,2025-06-04,Shipped
721,2891,287,5,2025-07-25,Cancelled
722,58837,407,5,2026-02-01,Cancelled
723,94441,132,3,2025-08-13,Shipped
724,10018,384,2,2025-05-29,Pending
725,18358,108,3,2026-03-30,Pending
726,75300,231,1,2026-03-14,Shipped
727,58990,243,3,2025-05-21,Shipped
728,97510,126,4,2026-02-17,Pending
729,46167,79,4,2025-07-01,Cancelled
730,73528,92,5,2025-04-12,Shipped
731,94559,183,1,2025-12-31,Shipped
732,12623,70,1,2025-06-15,Cancelled
733,99504,62,2,2025-06-05,Shipped
734,80038,271,4,2026-02-03,Pending
735,20183,484,3,2026-02-09,Pending
736,67832,319,1,2025-05-06,Pending
737,97628,445,4,2025-11-08,Cancelled
738,3128,5,1,2026-02-15,Shipped
739,83044,461,1,2026-02-07,Pending
740,74785,311,5,2026-02-16,Pending
741,80621,47,1,2026-02-05,Cancelled
742,90463,215,5,2026-01-16,Shipped
743,12117,112,3,2026-01-17,Shipped
744,51113,116,2,2025-09-26,Pending
745,84274,432,2,2026-02-10,Shipped
746,29924,330,1,2026-02-09,Cancelled
747,66354,449,3,2026-02-07,Pending
748,22543,450,3,2025-05-24,Pending
749,68453,44,3,2025-03-31,Pending
750,34651,394,5,2025-09-20,Pending
751,15719,274,2,2026-03-29,Cancelled
752,44216,277,2,2025-07-16,Cancelled
753,30041,233,4,2026-02-08,Pending
754,48758,339,1,2025-11-06,Shipped
755,62339,54,2,2025-12-23,Cancelled
756,88235,278,4,2025-08-18,Cancelled
757,85323,33,2,2025-04-07,Cancelled
758,13211,171,3,2025-05-25,Pending
759,65476,298,4,2025-07-01,Pending
760,79922,347,1,2025-09-26,Shipped
761,81194,104,4,2026-02-13,Cancelled
762,1394,487,3,2026-03-23,Pending
763,16295,94,3,2025-11-02,Pending
764,8049,387,5,2025-07-13,Shipped
765,85027,291,1,2025-09-30,Cancelled
766,52,76,5,2025-12-01,Pending
767,83710,239,2,2025-03-31,Cancelled
768,63519,222,2,2025-10-26,Cancelled
769,32078,426,3,2025-09-02,Shipped
770,25554,318,2,2025-04-04,Shipped
771,23880,245,2,2026-02-28,Cancelled
772,37818,383,1,2025-07-02,Cancelled
773,59276,49,5,2025-09-08,Shipped
774,22347,333,1,2025-10-02,Cancelled
775,49928,46,1,2025-04-15,Shipped
776,96688,470,2,2026-02-19,Shipped
777,75989,338,3,2025-07-13,Shipped
778,62039,160,5,2025-05-14,Shipped
779,30382,285,4,2025-09-03,Cancelled
780,5674,312,4,2025-04-06,Shipped
781,69350,127,1,2025-09-22,Shipped
782,68358,120,4,2025-12-08,Pending
783,45154,44,2,2025-04-03,Cancelled
784,90557,238,4,2026-01-22,Pending
785,97085,279,3,2025-04-28,Shipped
786,20598,327,5,2025-12-26,Pending
787,47675,410,2,2025-12-22,Pending
788,70135,428,2,2025-09-02,Shipped
789,77520,498,2,2025-10-26,Cancelled
790,37385,50,2,2025-04-08,Cancelled
791,99991,202,2,2025-09-17,Cancelled
792,47334,326,4,2025-09-01,Pending
793,37731,291,2,2025-07-05,Pending
794,64244,323,2,2025-06-23,Pending
795,26957,229,1,2026-03-14,Cancelled
796,13897,304,4,2025-12-21,Pending
797,3888,426,4,2025-04-18,Pending
798,34195,399,5,2025-09-23,Cancelled
799,403,366,4,2025-10-15,Pending
800,86233,425,5,2025-04-15,Pending
801,52671,164,5,2026-03-27,Pending
802,90054,479,5,2026-01-05,Cancelled
803,75128,370,4,2025-06-10,Cancelled
804,20175,370,2,2026-03-03,Cancelled
805,36549,445,2,2025-04-18,Pending
806,27323,396,3,2025-12-30,Cancelled
807,44665,128,3,2025-09-21,Cancelled
808,68589,392,3,2026-02-10,Shipped
809,98383,440,1,2025-10-05,Cancelled
810,23545,341,2,2026-02-07,Cancelled
811,43405,75,5,2025-11-21,Cancelled
812,28777,118,4,2025-06-14,Cancelled
813,36431,378,4,2025-09-12,Cancelled
814,21865,201,3,2025-10-16,Pending
815,16276,317,5,2025-12-15,Cancelled
816,63899,308,5,2025-08-29,Shipped
817,58042,359,3,2025-06-27,Cancelled
818,13953,340,3,2025-05-20,Shipped
819,67888,388,3,2025-04-16,Pending
820,12860,479,5,2025-04-01,Cancelled
821,86537,54,1,2025-11-04,Shipped
822,52983,373,2,2025-09-12,Cancelled
823,40393,298,5,2025-10-14,Pending
824,56740,218,4,2025-05-16,Cancelled
825,22529,483,5,2025-06-20,Cancelled
826,79293,55,1,2026-02-11,Cancelled
827,16771,409,3,2026-02-24,Pending
828,75390,50,2,2026-01-02,Cancelled
829,92683,325,3,2025-06-03,Cancelled
830,43405,219,3,2025-03-31,Cancelled
831,18583,23,4,2025-11-19,Pending
832,92059,310,5,2026-01-20,Pending
833,99108,141,4,2025-06-29,Cancelled
834,24111,281,5,2025-10-18,Cancelled
835,6530,84,5,2025-12-23,Pending
836,16399,9,5,2025-10-27,Pending
837,40941,186,2,2025-05-13,Pending
838,54961,336,4,2026-01-18,Cancelled
839,75131,209,1,2025-05-30,Shipped
840,19191,281,1,2025-08-07,Cancelled
841,64959,297,2,2025-08-06,Cancelled
842,75215,493,4,2026-03-30,Shipped
843,5148,97,5,2025-06-08,Shipped
844,5967,202,3,2026-03-08,Pending
845,68393,75,1,2025-09-17,Pending
846,34311,489,5,2025-06-03,Pending
847,24220,432,1,2025-07-05,Shipped
848,38087,147,1,2025-09-08,Pending
849,37590,134,5,2026-01-08,Cancelled
850,9970,254,2,2026-02-21,Cancelled
851,12972,95,2,2025-05-03,Shipped
852,57406,170,5,2025-04-29,Pending
853,28403,177,3,2025-05-28,Pending
854,38688,133,1,2025-11-10,Pending
855,30264,490,1,2025-08-05,Cancelled
856,55084,389,3,2026-01-22,Pending
857,47061,332,1,2025-08-11,Shipped
858,17078,451,2,2026-03-23,Cancelled
859,40855,319,4,2025-10-06,Shipped
860,136,134,3,2026-02-25,Shipped
861,96970,423,3,2026-01-28,Cancelled
862,44716,270,2,2025-04-27,Cancelled
863,82600,239,4,2026-03-22,Cancelled
864,54741,180,2,2025-07-04,Pending
865,33265,127,4,2026-03-09,Pending
866,43727,494,2,2026-01-19,Cancelled
867,28545,64,4,2025-09-12,Shipped
868,91040,309,5,2025-04-09,Shipped
869,82082,170,4,2025-04-28,Shipped
870,1220,268,3,2025-09-05,Cancelled
871,56965,422,4,2025-06-29,Cancelled
872,60302,429,4,2025-05-11,Shipped
873,51477,287,1,2026-02-25,Cancelled
874,50245,296,2,2026-01-22,Shipped
875,87068,169,4,2026-03-25,Cancelled
876,3977,436,2,2025-12-15,Cancelled
877,56383,224,4,2026-02-16,Pending
878,3176,494,1,2025-07-11,Pending
879,42656,183,4,2025-12-03,Shipped
880,78057,204,4,2025-11-13,Pending
881,85344,291,5,2025-04-20,Pending
882,86685,448,3,2025-06-11,Shipped
883,72139,498,2,2025-08-03,Pending
884,83664,2,3,2025-11-17,Cancelled
885,29372,302,2,2025-12-21,Pending
886,78222,130,5,2025-09-17,Pending
887,63385,491,5,2026-01-30,Shipped
888,2393,24,1,2026-02-13,Pending
889,5408,38,1,2025-07-29,Shipped
890,85505,193,4,2025-07-01,Pending
891,78374,4,3,2025-07-01,Shipped
892,36230,281,1,2025-10-29,Cancelled
893,42365,384,5,2025-09-12,Shipped
894,20868,183,3,2025-10-26,Shipped
895,83203,363,3,2026-02-26,Pending
896,54881,276,5,2026-03-26,Shipped
897,80000,47,3,2025-08-26,Shipped
898,65703,19,4,2025-04-27,Pending
899,29869,244,4,2025-04-24,Pending
900,54429,305,1,2025-04-03,Shipped
901,89454,3,3,2025-07-05,Shipped
902,7091,336,3,2025-08-14,Shipped
903,82315,162,4,2026-03-27,Cancelled
904,42868,366,1,2025-08-14,Cancelled
905,70775,412,2,2026-01-23,Cancelled
906,14085,397,4,2025-03-31,Shipped
907,98787,47,4,2025-05-10,Cancelled
908,67415,42,2,2025-11-25,Pending
909,7385,393,4,2025-11-18,Pending
910,48204,36,2,2026-03-20,Shipped
911,92540,3,3,2025-05-11,Cancelled
912,67652,258,2,2025-07-30,Pending
913,10260,487,4,2025-08-16,Cancelled
914,30827,256,3,2025-11-21,Shipped
915,50967,19,5,2025-04-09,Cancelled
916,9379,423,3,2026-03-28,Cancelled
917,53369,20,2,2026-02-25,Shipped
918,45023,293,5,2026-01-09,Cancelled
919,25744,441,2,2025-08-02,Pending
920,58422,135,1,2025-03-30,Shipped
921,26519,316,2,2026-02-24,Pending
922,88277,473,5,2025-10-29,Cancelled
923,48372,203,4,2026-03-26,Shipped
924,70379,303,2,2025-09-17,Shipped
925,68087,373,1,2025-07-26,Shipped
926,67607,258,4,2025-12-09,Cancelled
927,61589,22,3,2025-06-15,Shipped
928,69577,443,3,2025-08-20,Cancelled
929,69273,222,3,2025-05-19,Pending
930,69459,431,5,2025-11-09,Shipped
931,28074,65,3,2025-09-21,Shipped
932,60629,362,5,2025-07-13,Pending
933,90239,341,5,2025-07-15,Cancelled
934,10643,293,3,2025-11-17,Pending
935,6594,345,2,2025-11-18,Cancelled
936,5248,83,1,2025-09-10,Shipped
937,68244,297,1,2025-08-15,Shipped
938,74721,4,3,2025-08-15,Cancelled
939,30871,68,2,2025-12-04,Cancelled
940,44085,431,4,2025-12-10,Pending
941,56636,191,2,2025-05-20,Shipped
942,63020,251,4,2025-12-17,Pending
943,7846,431,1,2025-06-11,Cancelled
944,95485,327,5,2026-02-10,Cancelled
945,41566,374,3,2025-12-23,Cancelled
946,51509,279,5,2026-01-18,Cancelled
947,91523,58,4,2025-04-22,Shipped
948,77694,235,2,2026-02-13,Shipped
949,58701,160,2,2025-10-28,Shipped
950,20326,450,2,2025-11-25,Shipped
951,36733,302,5,2025-04-03,Cancelled
952,55269,460,2,2025-11-06,Cancelled
953,48155,373,4,2025-07-16,Pending
954,86511,53,5,2025-04-17,Shipped
955,61673,109,1,2026-02-07,Pending
956,17349,420,1,2025-12-08,Shipped
957,61161,165,4,2025-08-10,Pending
958,41811,271,3,2025-04-15,Pending
959,7664,400,2,2025-09-19,Pending
960,87966,231,5,2025-07-27,Cancelled
961,41450,22,3,2025-07-27,Pending
962,27860,153,1,2025-07-31,Pending
963,5783,399,4,2025-06-06,Cancelled
964,19346,105,1,2025-06-12,Pending
965,71410,155,2,2026-01-08,Shipped
966,98028,368,5,2025-10-04,Cancelled
967,25211,79,4,2025-12-09,Pending
968,90535,215,2,2025-08-24,Pending
969,28273,154,1,2025-11-04,Cancelled
970,42854,434,5,2026-02-12,Shipped
971,58855,233,4,2025-04-13,Cancelled
972,26586,76,5,2025-09-15,Cancelled
973,60497,454,4,2025-10-14,Shipped
974,95759,94,5,2025-04-20,Shipped
975,64343,67,5,2025-09-17,Pending
976,92052,183,3,2025-04-24,Cancelled
977,59925,44,1,2026-03-22,Cancelled
978,9072,67,3,2026-01-28,Pending
979,63906,132,2,2025-04-14,Shipped
980,35777,28,3,2025-08-23,Shipped
981,46311,469,4,2025-05-16,Shipped
982,52710,459,4,2025-09-07,Shipped
983,97200,403,3,2025-04-16,Cancelled
984,41741,210,1,2025-11-15,Shipped
985,1612,107,4,2025-05-09,Cancelled
986,22327,78,3,2025-08-03,Cancelled
987,91884,289,4,2026-03-13,Shipped
988,38356,250,3,2025-04-09,Pending
989,96222,262,5,2025-04-07,Shipped
990,46018,96,3,2025-08-11,Cancelled
991,14470,332,3,2025-04-27,Shipped
992,31218,365,2,2025-12-13,Cancelled
993,43029,486,1,2026-03-06,Cancelled
994,32017,425,5,2026-03-26,Cancelled
995,77841,183,1,2025-05-21,Shipped
996,48864,351,5,2025-08-22,Cancelled
997,19217,230,1,2025-10-20,Pending
998,92077,47,4,2025-10-19,Shipped
999,85412,78,3,2025-10-25,Cancelled
